{"cameraMode":{"drawMode":0,"name":"Shaded","section":"Shading Mode"},"sceneLighting":false,"audioPlay":false,"sceneViewState":{"m_AlwaysRefresh":false,"showFog":true,"showSkybox":false,"showFlares":true,"showImageEffects":true,"showParticleSystems":true,"showVisualEffectGraphs":true,"m_FxEnabled":true},"in2DMode":false,"pivot":{"x":-0.057636767625808719,"y":1.9269599914550782,"z":-1.3775012493133546},"rotation":{"x":-0.11020398139953613,"y":0.885250449180603,"z":-0.2683303654193878,"w":-0.3635745942592621},"size":0.1224745437502861,"orthographic":false}