{"cameraMode":{"drawMode":0,"name":"Shaded","section":"Shading Mode"},"sceneLighting":false,"audioPlay":false,"sceneViewState":{"m_AlwaysRefresh":false,"showFog":true,"showSkybox":false,"showFlares":true,"showImageEffects":true,"showParticleSystems":true,"showVisualEffectGraphs":true,"m_FxEnabled":true},"in2DMode":false,"pivot":{"x":-0.057636767625808719,"y":1.9269599914550782,"z":-1.3775012493133546},"rotation":{"x":-0.11198515444993973,"y":-0.7172458171844482,"z":0.11855030059814453,"w":-0.6774782538414002},"size":0.1224745437502861,"orthographic":false}