{"cameraMode":{"drawMode":0,"name":"Shaded","section":"Shading Mode"},"sceneLighting":false,"audioPlay":false,"sceneViewState":{"m_AlwaysRefresh":false,"showFog":true,"showSkybox":false,"showFlares":true,"showImageEffects":true,"showParticleSystems":true,"showVisualEffectGraphs":true,"m_FxEnabled":true},"in2DMode":false,"pivot":{"x":-0.11772599816322327,"y":1.9468048810958863,"z":-1.216780662536621},"rotation":{"x":0.11969060450792313,"y":-0.6728984117507935,"z":0.11163879185914993,"w":0.7214292883872986},"size":0.6523262858390808,"orthographic":false}