{"cameraMode":{"drawMode":0,"name":"Shaded","section":"Shading Mode"},"sceneLighting":false,"audioPlay":false,"sceneViewState":{"m_AlwaysRefresh":false,"showFog":true,"showSkybox":false,"showFlares":true,"showImageEffects":true,"showParticleSystems":true,"showVisualEffectGraphs":true,"m_FxEnabled":true},"in2DMode":false,"pivot":{"x":-0.05763675644993782,"y":1.9269599914550782,"z":-1.3775012493133546},"rotation":{"x":0.024987120181322099,"y":0.7297780513763428,"z":0.026718776673078538,"w":-0.682723343372345},"size":0.8660253882408142,"orthographic":false}