{"cameraMode":{"drawMode":0,"name":"Shaded","section":"Shading Mode"},"sceneLighting":false,"audioPlay":false,"sceneViewState":{"m_AlwaysRefresh":false,"showFog":true,"showSkybox":false,"showFlares":true,"showImageEffects":true,"showParticleSystems":true,"showVisualEffectGraphs":true,"m_FxEnabled":true},"in2DMode":false,"pivot":{"x":-1.510740041732788,"y":0.21607403457164765,"z":0.26361364126205447},"rotation":{"x":-0.003894718596711755,"y":-0.642773449420929,"z":-0.0032772894483059646,"w":0.7660669088363648},"size":3.5346052646636965,"orthographic":false}